Workbook

Sheet 销售数据
B1: 1月 | E1: 2月 | H1: 3月 | K1: 4月 | N1: 5月 | Q1: 6月 | T1: 7月 | W1: 8月 | Z1: 9月 | AC1: 10月 | AF1: 11月 | AI1: 12月
A2: 产品 | B2: 均价 | C2: 销售量 | D2: 销售额 | E2: 均价 | F2: 销售量 | G2: 销售额 | H2: 均价 | I2: 销售量 | J2: 销售额 | K2: 均价 | L2: 销售量 | M2: 销售额 | N2: 均价 | O2: 销售量 | P2: 销售额 | Q2: 均价 | R2: 销售量 | S2: 销售额 | T2: 均价 | U2: 销售量 | V2: 销售额 | W2: 均价 | X2: 销售量 | Y2: 销售额 | Z2: 均价 | AA2: 销售量 | AB2: 销售额 | AC2: 均价 | AD2: 销售量 | AE2: 销售额 | AF2: 均价 | AG2: 销售量 | AH2: 销售额 | AI2: 均价 | AJ2: 销售量 | AK2: 销售额
A3: 产品01 | B3: 39 | C3: 1499 | D3: 58461 | E3: 26 | F3: 1464 | G3: 38064 | H3: 26 | I3: 2461 | J3: 63986 | K3: 38 | L3: 1927 | M3: 73226 | N3: 36 | O3: 1351 | P3: 48636 | Q3: 25 | R3: 3048 | S3: 76200 | T3: 28 | U3: 3783 | V3: 105924 | W3: 77054.133 | X3: 90069.219 | Y3: 103084.3 | Z3: 116099.39 | AA3: 129114.48 | AB3: 142129.56 | AC3: 155144.65 | AD3: 168159.73 | AE3: 181174.82 | AF3: 194189.9 | AG3: 207204.99 | AH3: 220220.08 | AI3: 233235.16 | AJ3: 246250.25 | AK3: 259265.33
A4: 产品02 | B4: 360 | C4: 467 | D4: 168120 | E4: 258 | F4: 431 | G4: 111198 | H4: 249 | I4: 420 | J4: 104580 | K4: 211 | L4: 365 | M4: 77015 | N4: 346 | O4: 365 | P4: 126290 | Q4: 257 | R4: 291 | S4: 74787 | T4: 318 | U4: 314 | V4: 99852 | W4: 71660.667 | X4: 83762.81 | Y4: 95864.952 | Z4: 107967.1 | AA4: 120069.24 | AB4: 132171.38 | AC4: 144273.52 | AD4: 156375.67 | AE4: 168477.81 | AF4: 180579.95 | AG4: 192682.1 | AH4: 204784.24 | AI4: 216886.38 | AJ4: 228988.52 | AK4: 241090.67
A5: 产品03 | B5: 217 | C5: 220 | D5: 47740 | E5: 224 | F5: 248 | G5: 55552 | H5: 233 | I5: 340 | J5: 79220 | K5: 260 | L5: 389 | M5: 101140 | N5: 235 | O5: 288 | P5: 67680 | Q5: 247 | R5: 388 | S5: 95836 | T5: 262 | U5: 250 | V5: 65500 | W5: 50108.2 | X5: 56687.543 | Y5: 63266.886 | Z5: 69846.229 | AA5: 76425.571 | AB5: 83004.914 | AC5: 89584.257 | AD5: 96163.6 | AE5: 102742.94 | AF5: 109322.29 | AG5: 115901.63 | AH5: 122480.97 | AI5: 129060.31 | AJ5: 135639.66 | AK5: 142219
A6: 产品04 | B6: 119 | C6: 4994 | D6: 594286 | E6: 111 | F6: 3406 | G6: 378066 | H6: 80 | I6: 3073 | J6: 245840 | K6: 110 | L6: 5552 | M6: 610720 | N6: 90 | O6: 2207 | P6: 198630 | Q6: 110 | R6: 3940 | S6: 433400 | T6: 103 | U6: 3376 | V6: 347728 | W6: 261752.93 | X6: 298984.39 | Y6: 336215.85 | Z6: 373447.3 | AA6: 410678.76 | AB6: 447910.22 | AC6: 485141.68 | AD6: 522373.13 | AE6: 559604.59 | AF6: 596836.05 | AG6: 634067.5 | AH6: 671298.96 | AI6: 708530.42 | AJ6: 745761.88 | AK6: 782993.33
A7: 产品05 | B7: 134 | C7: 2474 | D7: 331516 | E7: 100 | F7: 1998 | G7: 199800 | H7: 134 | I7: 4814 | J7: 645076 | K7: 113 | L7: 2820 | M7: 318660 | N7: 99 | O7: 3083 | P7: 305217 | Q7: 101 | R7: 2868 | S7: 289668 | T7: 112 | U7: 2704 | V7: 302848 | W7: 222085.53 | X7: 257048.02 | Y7: 292010.5 | Z7: 326972.99 | AA7: 361935.48 | AB7: 396897.96 | AC7: 431860.45 | AD7: 466822.93 | AE7: 501785.42 | AF7: 536747.9 | AG7: 571710.39 | AH7: 606672.88 | AI7: 641635.36 | AJ7: 676597.85 | AK7: 711560.33
A8: 产品06 | B8: 153 | C8: 1756 | D8: 268668 | E8: 146 | F8: 774 | G8: 113004 | H8: 160 | I8: 1999 | J8: 319840 | K8: 139 | L8: 1255 | M8: 174445 | N8: 167 | O8: 796 | P8: 132932 | Q8: 126 | R8: 2422 | S8: 305172 | T8: 142 | U8: 2640 | V8: 374880 | W8: 271169.73 | X8: 316009.56 | Y8: 360849.39 | Z8: 405689.22 | AA8: 450529.05 | AB8: 495368.88 | AC8: 540208.7 | AD8: 585048.53 | AE8: 629888.36 | AF8: 674728.19 | AG8: 719568.02 | AH8: 764407.85 | AI8: 809247.68 | AJ8: 854087.5 | AK8: 898927.33
A9: 产品07 | B9: 137 | C9: 3939 | D9: 539643 | E9: 122 | F9: 2410 | G9: 294020 | H9: 125 | I9: 3039 | J9: 379875 | K9: 130 | L9: 5338 | M9: 693940 | N9: 132 | O9: 2898 | P9: 382536 | Q9: 139 | R9: 2486 | S9: 345554 | T9: 121 | U9: 1455 | V9: 176055 | W9: 140740.4 | X9: 155913.37 | Y9: 171086.34 | Z9: 186259.31 | AA9: 201432.29 | AB9: 216605.26 | AC9: 231778.23 | AD9: 246951.2 | AE9: 262124.17 | AF9: 277297.14 | AG9: 292470.11 | AH9: 307643.09 | AI9: 322816.06 | AJ9: 337989.03 | AK9: 353162
A10: 产品08 | B10: 310 | C10: 267 | D10: 82770 | E10: 265 | F10: 154 | G10: 40810 | H10: 251 | I10: 301 | J10: 75551 | K10: 287 | L10: 131 | M10: 37597 | N10: 247 | O10: 170 | P10: 41990 | Q10: 309 | R10: 368 | S10: 113712 | T10: 233 | U10: 299 | V10: 69667 | W10: 54075.067 | X10: 60735.181 | Y10: 67395.295 | Z10: 74055.41 | AA10: 80715.524 | AB10: 87375.638 | AC10: 94035.752 | AD10: 100695.87 | AE10: 107355.98 | AF10: 114016.1 | AG10: 120676.21 | AH10: 127336.32 | AI10: 133996.44 | AJ10: 140656.55 | AK10: 147316.67
A11: 产品09 | B11: 666 | C11: 5459 | D11: 3635694 | E11: 754 | F11: 4271 | G11: 3220334 | H11: 817 | I11: 6910 | J11: 5645470 | K11: 745 | L11: 7416 | M11: 5524920 | N11: 636 | O11: 2647 | P11: 1683492 | Q11: 715 | R11: 7632 | S11: 5456880 | T11: 840 | U11: 5734 | V11: 4816560 | W11: 3576475.9 | X11: 4108404.2 | Y11: 4640332.6 | Z11: 5172260.9 | AA11: 5704189.2 | AB11: 6236117.5 | AC11: 6768045.8 | AD11: 7299974.1 | AE11: 7831902.4 | AF11: 8363830.8 | AG11: 8895759.1 | AH11: 9427687.4 | AI11: 9959615.7 | AJ11: 10491544 | AK11: 11023472
A12: 产品10 | B12: 847 | C12: 367 | D12: 310849 | E12: 907 | F12: 189 | G12: 171423 | H12: 896 | I12: 278 | J12: 249088 | K12: 823 | L12: 311 | M12: 255953 | N12: 866 | O12: 293 | P12: 253738 | Q12: 868 | R12: 180 | S12: 156240 | T12: 822 | U12: 352 | V12: 289344 | W12: 203382.13 | X12: 240167.22 | Y12: 276952.3 | Z12: 313737.39 | AA12: 350522.48 | AB12: 387307.56 | AC12: 424092.65 | AD12: 460877.73 | AE12: 497662.82 | AF12: 534447.9 | AG12: 571232.99 | AH12: 608018.08 | AI12: 644803.16 | AJ12: 681588.25 | AK12: 718373.33
A13: 产品11 | B13: 367 | C13: 337 | D13: 123679 | E13: 354 | F13: 398 | G13: 140892 | H13: 354 | I13: 114 | J13: 40356 | K13: 362 | L13: 353 | M13: 127786 | N13: 417 | O13: 270 | P13: 112590 | Q13: 379 | R13: 282 | S13: 106878 | T13: 383 | U13: 213 | V13: 81579 | W13: 61548.8 | X13: 70100.171 | Y13: 78651.543 | Z13: 87202.914 | AA13: 95754.286 | AB13: 104305.66 | AC13: 112857.03 | AD13: 121408.4 | AE13: 129959.77 | AF13: 138511.14 | AG13: 147062.51 | AH13: 155613.89 | AI13: 164165.26 | AJ13: 172716.63 | AK13: 181268
A14: 产品12 | B14: 38 | C14: 1515 | D14: 57570 | E14: 30 | F14: 1457 | G14: 43710 | H14: 40 | I14: 1581 | J14: 63240 | K14: 25 | L14: 2499 | M14: 62475 | N14: 37 | O14: 3639 | P14: 134643 | Q14: 39 | R14: 1498 | S14: 58422 | T14: 24 | U14: 1441 | V14: 34584 | W14: 27416.933 | X14: 30678.533 | Y14: 33940.133 | Z14: 37201.733 | AA14: 40463.333 | AB14: 43724.933 | AC14: 46986.533 | AD14: 50248.133 | AE14: 53509.733 | AF14: 56771.333 | AG14: 60032.933 | AH14: 63294.533 | AI14: 66556.133 | AJ14: 69817.733 | AK14: 73079.333
... A20: 产品18 | B20: 1061 | C20: 1902 | D20: 2018022 | E20: 1035 | F20: 1509 | G20: 1561815 | H20: 1033 | I20: 1114 | J20: 1150762 | K20: 1112 | L20: 3554 | M20: 3952048 | N20: 1086 | O20: 3747 | P20: 4069242 | Q20: 1008 | R20: 2111 | S20: 2127888 | T20: 1037 | U20: 3594 | V20: 3726978 | W20: 2627847.5 | X20: 3099488.8 | Y20: 3571130.2 | Z20: 4042771.6 | AA20: 4514413 | AB20: 4986054.3 | AC20: 5457695.7 | AD20: 5929337.1 | AE20: 6400978.4 | AF20: 6872619.8 | AG20: 7344261.2 | AH20: 7815902.6 | AI20: 8287543.9 | AJ20: 8759185.3 | AK20: 9230826.7

Sheet Sheet4
A1: 行 | B1: 列 | C1: 值 | D1: 页1
A2: 产品01 | B2: 1月 | C2: 1 | D2: 项1
A3: 产品01 | B3: 2月 | C3: 1 | D3: 项1
A4: 产品01 | B4: 3月 | C4: 1 | D4: 项1
A5: 产品01 | B5: 4月 | C5: 1 | D5: 项1
A6: 产品01 | B6: 5月 | C6: 1 | D6: 项1
A7: 产品01 | B7: 6月 | C7: 1 | D7: 项1
A8: 产品01 | B8: 7月 | C8: 1 | D8: 项1
A9: 产品01 | B9: 8月 | C9: 1 | D9: 项1
A10: 产品01 | B10: 9月 | C10: 1 | D10: 项1
A11: 产品01 | B11: 10月 | C11: 1 | D11: 项1
A12: 产品01 | B12: 11月 | C12: 1 | D12: 项1
A13: 产品01 | B13: 12月 | C13: 1 | D13: 项1
... A217: 产品18 | B217: 12月 | C217: 1 | D217: 项1

Sheet Sheet3
A1: 页1 | B1: (全部)
A3: 求和项:值 | B3: 列
A4: 行 | B4: 10月 | C4: 11月 | D4: 12月 | E4: 1月 | F4: 2月 | G4: 3月 | H4: 4月 | I4: 5月 | J4: 6月 | K4: 7月 | L4: 8月 | M4: 9月 | N4: 总计
A5: 产品01 | B5: 1 | C5: 1 | D5: 1 | E5: 1 | F5: 1 | G5: 1 | H5: 1 | I5: 1 | J5: 1 | K5: 1 | L5: 1 | M5: 1 | N5: 12
A6: 产品02 | B6: 1 | C6: 1 | D6: 1 | E6: 1 | F6: 1 | G6: 1 | H6: 1 | I6: 1 | J6: 1 | K6: 1 | L6: 1 | M6: 1 | N6: 12
A7: 产品03 | B7: 1 | C7: 1 | D7: 1 | E7: 1 | F7: 1 | G7: 1 | H7: 1 | I7: 1 | J7: 1 | K7: 1 | L7: 1 | M7: 1 | N7: 12
A8: 产品04 | B8: 1 | C8: 1 | D8: 1 | E8: 1 | F8: 1 | G8: 1 | H8: 1 | I8: 1 | J8: 1 | K8: 1 | L8: 1 | M8: 1 | N8: 12
A9: 产品05 | B9: 1 | C9: 1 | D9: 1 | E9: 1 | F9: 1 | G9: 1 | H9: 1 | I9: 1 | J9: 1 | K9: 1 | L9: 1 | M9: 1 | N9: 12
A10: 产品06 | B10: 1 | C10: 1 | D10: 1 | E10: 1 | F10: 1 | G10: 1 | H10: 1 | I10: 1 | J10: 1 | K10: 1 | L10: 1 | M10: 1 | N10: 12
A11: 产品07 | B11: 1 | C11: 1 | D11: 1 | E11: 1 | F11: 1 | G11: 1 | H11: 1 | I11: 1 | J11: 1 | K11: 1 | L11: 1 | M11: 1 | N11: 12
A12: 产品08 | B12: 1 | C12: 1 | D12: 1 | E12: 1 | F12: 1 | G12: 1 | H12: 1 | I12: 1 | J12: 1 | K12: 1 | L12: 1 | M12: 1 | N12: 12
A13: 产品09 | B13: 1 | C13: 1 | D13: 1 | E13: 1 | F13: 1 | G13: 1 | H13: 1 | I13: 1 | J13: 1 | K13: 1 | L13: 1 | M13: 1 | N13: 12
A14: 产品10 | B14: 1 | C14: 1 | D14: 1 | E14: 1 | F14: 1 | G14: 1 | H14: 1 | I14: 1 | J14: 1 | K14: 1 | L14: 1 | M14: 1 | N14: 12
A15: 产品11 | B15: 1 | C15: 1 | D15: 1 | E15: 1 | F15: 1 | G15: 1 | H15: 1 | I15: 1 | J15: 1 | K15: 1 | L15: 1 | M15: 1 | N15: 12
A16: 产品12 | B16: 1 | C16: 1 | D16: 1 | E16: 1 | F16: 1 | G16: 1 | H16: 1 | I16: 1 | J16: 1 | K16: 1 | L16: 1 | M16: 1 | N16: 12
... A23: 总计 | B23: 18 | C23: 18 | D23: 18 | E23: 18 | F23: 18 | G23: 18 | H23: 18 | I23: 18 | J23: 18 | K23: 18 | L23: 18 | M23: 18 | N23: 216

Sheet Sheet1
A2: 产品 | B2: 1月 | C2: 2月 | D2: 3月 | E2: 4月 | F2: 5月 | G2: 6月 | H2: 7月 | I2: 8月 | J2: 9月 | K2: 10月 | L2: 11月 | M2: 12月
A3: 产品01 | B3: 1 | C3: 1 | D3: 1 | E3: 1 | F3: 1 | G3: 1 | H3: 1 | I3: 1 | J3: 1 | K3: 1 | L3: 1 | M3: 1
A4: 产品02 | B4: 1 | C4: 1 | D4: 1 | E4: 1 | F4: 1 | G4: 1 | H4: 1 | I4: 1 | J4: 1 | K4: 1 | L4: 1 | M4: 1
A5: 产品03 | B5: 1 | C5: 1 | D5: 1 | E5: 1 | F5: 1 | G5: 1 | H5: 1 | I5: 1 | J5: 1 | K5: 1 | L5: 1 | M5: 1
A6: 产品04 | B6: 1 | C6: 1 | D6: 1 | E6: 1 | F6: 1 | G6: 1 | H6: 1 | I6: 1 | J6: 1 | K6: 1 | L6: 1 | M6: 1
A7: 产品05 | B7: 1 | C7: 1 | D7: 1 | E7: 1 | F7: 1 | G7: 1 | H7: 1 | I7: 1 | J7: 1 | K7: 1 | L7: 1 | M7: 1
A8: 产品06 | B8: 1 | C8: 1 | D8: 1 | E8: 1 | F8: 1 | G8: 1 | H8: 1 | I8: 1 | J8: 1 | K8: 1 | L8: 1 | M8: 1
A9: 产品07 | B9: 1 | C9: 1 | D9: 1 | E9: 1 | F9: 1 | G9: 1 | H9: 1 | I9: 1 | J9: 1 | K9: 1 | L9: 1 | M9: 1
A10: 产品08 | B10: 1 | C10: 1 | D10: 1 | E10: 1 | F10: 1 | G10: 1 | H10: 1 | I10: 1 | J10: 1 | K10: 1 | L10: 1 | M10: 1
A11: 产品09 | B11: 1 | C11: 1 | D11: 1 | E11: 1 | F11: 1 | G11: 1 | H11: 1 | I11: 1 | J11: 1 | K11: 1 | L11: 1 | M11: 1
A12: 产品10 | B12: 1 | C12: 1 | D12: 1 | E12: 1 | F12: 1 | G12: 1 | H12: 1 | I12: 1 | J12: 1 | K12: 1 | L12: 1 | M12: 1
A13: 产品11 | B13: 1 | C13: 1 | D13: 1 | E13: 1 | F13: 1 | G13: 1 | H13: 1 | I13: 1 | J13: 1 | K13: 1 | L13: 1 | M13: 1
A14: 产品12 | B14: 1 | C14: 1 | D14: 1 | E14: 1 | F14: 1 | G14: 1 | H14: 1 | I14: 1 | J14: 1 | K14: 1 | L14: 1 | M14: 1
... A20: 产品18 | B20: 1 | C20: 1 | D20: 1 | E20: 1 | F20: 1 | G20: 1 | H20: 1 | I20: 1 | J20: 1 | K20: 1 | L20: 1 | M20: 1

Sheet 元数据转换
A1: 行 | B1: 列 | C1: 均价 | D1: 销售量 | E1: 销售额
A2: 产品01 | B2: 1月 | C2: {=INDEX(销售数据!$B$3:$AK$20,MATCH($A2,销售数据!$A$3:$A$20,0),MATCH($B2,销售数据!$B$1:$AK$1,0)+COLUMN(A1)-1)} -> 39 | D2: {=INDEX(销售数据!$B$3:$AK$20,MATCH($A2,销售数据!$A$3:$A$20,0),MATCH($B2,销售数据!$B$1:$AK$1,0)+COLUMN(B1)-1)} -> 1499 | E2: {=INDEX(销售数据!$B$3:$AK$20,MATCH($A2,销售数据!$A$3:$A$20,0),MATCH($B2,销售数据!$B$1:$AK$1,0)+COLUMN(C1)-1)} -> 58461
A3: 产品01 | B3: 2月 | C3: {=INDEX(销售数据!$B$3:$AK$20,MATCH($A3,销售数据!$A$3:$A$20,0),MATCH($B3,销售数据!$B$1:$AK$1,0)+COLUMN(A2)-1)} -> 26 | D3: {=INDEX(销售数据!$B$3:$AK$20,MATCH($A3,销售数据!$A$3:$A$20,0),MATCH($B3,销售数据!$B$1:$AK$1,0)+COLUMN(B2)-1)} -> 1464 | E3: {=INDEX(销售数据!$B$3:$AK$20,MATCH($A3,销售数据!$A$3:$A$20,0),MATCH($B3,销售数据!$B$1:$AK$1,0)+COLUMN(C2)-1)} -> 38064
A4: 产品01 | B4: 3月 | C4: {=INDEX(销售数据!$B$3:$AK$20,MATCH($A4,销售数据!$A$3:$A$20,0),MATCH($B4,销售数据!$B$1:$AK$1,0)+COLUMN(A3)-1)} -> 26 | D4: {=INDEX(销售数据!$B$3:$AK$20,MATCH($A4,销售数据!$A$3:$A$20,0),MATCH($B4,销售数据!$B$1:$AK$1,0)+COLUMN(B3)-1)} -> 2461 | E4: {=INDEX(销售数据!$B$3:$AK$20,MATCH($A4,销售数据!$A$3:$A$20,0),MATCH($B4,销售数据!$B$1:$AK$1,0)+COLUMN(C3)-1)} -> 63986
A5: 产品01 | B5: 4月 | C5: {=INDEX(销售数据!$B$3:$AK$20,MATCH($A5,销售数据!$A$3:$A$20,0),MATCH($B5,销售数据!$B$1:$AK$1,0)+COLUMN(A4)-1)} -> 38 | D5: {=INDEX(销售数据!$B$3:$AK$20,MATCH($A5,销售数据!$A$3:$A$20,0),MATCH($B5,销售数据!$B$1:$AK$1,0)+COLUMN(B4)-1)} -> 1927 | E5: {=INDEX(销售数据!$B$3:$AK$20,MATCH($A5,销售数据!$A$3:$A$20,0),MATCH($B5,销售数据!$B$1:$AK$1,0)+COLUMN(C4)-1)} -> 73226
A6: 产品01 | B6: 5月 | C6: {=INDEX(销售数据!$B$3:$AK$20,MATCH($A6,销售数据!$A$3:$A$20,0),MATCH($B6,销售数据!$B$1:$AK$1,0)+COLUMN(A5)-1)} -> 36 | D6: {=INDEX(销售数据!$B$3:$AK$20,MATCH($A6,销售数据!$A$3:$A$20,0),MATCH($B6,销售数据!$B$1:$AK$1,0)+COLUMN(B5)-1)} -> 1351 | E6: {=INDEX(销售数据!$B$3:$AK$20,MATCH($A6,销售数据!$A$3:$A$20,0),MATCH($B6,销售数据!$B$1:$AK$1,0)+COLUMN(C5)-1)} -> 48636
A7: 产品01 | B7: 6月 | C7: {=INDEX(销售数据!$B$3:$AK$20,MATCH($A7,销售数据!$A$3:$A$20,0),MATCH($B7,销售数据!$B$1:$AK$1,0)+COLUMN(A6)-1)} -> 25 | D7: {=INDEX(销售数据!$B$3:$AK$20,MATCH($A7,销售数据!$A$3:$A$20,0),MATCH($B7,销售数据!$B$1:$AK$1,0)+COLUMN(B6)-1)} -> 3048 | E7: {=INDEX(销售数据!$B$3:$AK$20,MATCH($A7,销售数据!$A$3:$A$20,0),MATCH($B7,销售数据!$B$1:$AK$1,0)+COLUMN(C6)-1)} -> 76200
A8: 产品01 | B8: 7月 | C8: {=INDEX(销售数据!$B$3:$AK$20,MATCH($A8,销售数据!$A$3:$A$20,0),MATCH($B8,销售数据!$B$1:$AK$1,0)+COLUMN(A7)-1)} -> 28 | D8: {=INDEX(销售数据!$B$3:$AK$20,MATCH($A8,销售数据!$A$3:$A$20,0),MATCH($B8,销售数据!$B$1:$AK$1,0)+COLUMN(B7)-1)} -> 3783 | E8: {=INDEX(销售数据!$B$3:$AK$20,MATCH($A8,销售数据!$A$3:$A$20,0),MATCH($B8,销售数据!$B$1:$AK$1,0)+COLUMN(C7)-1)} -> 105924
A9: 产品01 | B9: 8月 | C9: {=INDEX(销售数据!$B$3:$AK$20,MATCH($A9,销售数据!$A$3:$A$20,0),MATCH($B9,销售数据!$B$1:$AK$1,0)+COLUMN(A8)-1)} -> 77054.133 | D9: {=INDEX(销售数据!$B$3:$AK$20,MATCH($A9,销售数据!$A$3:$A$20,0),MATCH($B9,销售数据!$B$1:$AK$1,0)+COLUMN(B8)-1)} -> 90069.219 | E9: {=INDEX(销售数据!$B$3:$AK$20,MATCH($A9,销售数据!$A$3:$A$20,0),MATCH($B9,销售数据!$B$1:$AK$1,0)+COLUMN(C8)-1)} -> 103084.3
A10: 产品01 | B10: 9月 | C10: {=INDEX(销售数据!$B$3:$AK$20,MATCH($A10,销售数据!$A$3:$A$20,0),MATCH($B10,销售数据!$B$1:$AK$1,0)+COLUMN(A9)-1)} -> 116099.39 | D10: {=INDEX(销售数据!$B$3:$AK$20,MATCH($A10,销售数据!$A$3:$A$20,0),MATCH($B10,销售数据!$B$1:$AK$1,0)+COLUMN(B9)-1)} -> 129114.48 | E10: {=INDEX(销售数据!$B$3:$AK$20,MATCH($A10,销售数据!$A$3:$A$20,0),MATCH($B10,销售数据!$B$1:$AK$1,0)+COLUMN(C9)-1)} -> 142129.56
A11: 产品01 | B11: 10月 | C11: {=INDEX(销售数据!$B$3:$AK$20,MATCH($A11,销售数据!$A$3:$A$20,0),MATCH($B11,销售数据!$B$1:$AK$1,0)+COLUMN(A10)-1)} -> 155144.65 | D11: {=INDEX(销售数据!$B$3:$AK$20,MATCH($A11,销售数据!$A$3:$A$20,0),MATCH($B11,销售数据!$B$1:$AK$1,0)+COLUMN(B10)-1)} -> 168159.73 | E11: {=INDEX(销售数据!$B$3:$AK$20,MATCH($A11,销售数据!$A$3:$A$20,0),MATCH($B11,销售数据!$B$1:$AK$1,0)+COLUMN(C10)-1)} -> 181174.82
A12: 产品01 | B12: 11月 | C12: {=INDEX(销售数据!$B$3:$AK$20,MATCH($A12,销售数据!$A$3:$A$20,0),MATCH($B12,销售数据!$B$1:$AK$1,0)+COLUMN(A11)-1)} -> 194189.9 | D12: {=INDEX(销售数据!$B$3:$AK$20,MATCH($A12,销售数据!$A$3:$A$20,0),MATCH($B12,销售数据!$B$1:$AK$1,0)+COLUMN(B11)-1)} -> 207204.99 | E12: {=INDEX(销售数据!$B$3:$AK$20,MATCH($A12,销售数据!$A$3:$A$20,0),MATCH($B12,销售数据!$B$1:$AK$1,0)+COLUMN(C11)-1)} -> 220220.08
A13: 产品01 | B13: 12月 | C13: {=INDEX(销售数据!$B$3:$AK$20,MATCH($A13,销售数据!$A$3:$A$20,0),MATCH($B13,销售数据!$B$1:$AK$1,0)+COLUMN(A12)-1)} -> 233235.16 | D13: {=INDEX(销售数据!$B$3:$AK$20,MATCH($A13,销售数据!$A$3:$A$20,0),MATCH($B13,销售数据!$B$1:$AK$1,0)+COLUMN(B12)-1)} -> 246250.25 | E13: {=INDEX(销售数据!$B$3:$AK$20,MATCH($A13,销售数据!$A$3:$A$20,0),MATCH($B13,销售数据!$B$1:$AK$1,0)+COLUMN(C12)-1)} -> 259265.33
... A217: 产品18 | B217: 12月 | C217: {=INDEX(销售数据!$B$3:$AK$20,MATCH($A217,销售数据!$A$3:$A$20,0),MATCH($B217,销售数据!$B$1:$AK$1,0)+COLUMN(A216)-1)} -> 8287543.9 | D217: {=INDEX(销售数据!$B$3:$AK$20,MATCH($A217,销售数据!$A$3:$A$20,0),MATCH($B217,销售数据!$B$1:$AK$1,0)+COLUMN(B216)-1)} -> 8759185.3 | E217: {=INDEX(销售数据!$B$3:$AK$20,MATCH($A217,销售数据!$A$3:$A$20,0),MATCH($B217,销售数据!$B$1:$AK$1,0)+COLUMN(C216)-1)} -> 9230826.7

Sheet Sheet2
A1: 行 | B1: 列 | C1: 均值 | D1: 销售量 | E1: 销售额
A2: 产品01 | B2: 1月 | C2: {=INDEX(销售数据!$B$3:$AK$20,MATCH($A2,销售数据!$A$3:$A$20,0),MATCH($B2,销售数据!$B$1:$AK$1,0)+COLUMN(A1)-1)} -> 39 | D2: {=INDEX(销售数据!$B$3:$AK$20,MATCH($A2,销售数据!$A$3:$A$20,0),MATCH($B2,销售数据!$B$1:$AK$1,0)+COLUMN(B1)-1)} -> 1499 | E2: {=INDEX(销售数据!$B$3:$AK$20,MATCH($A2,销售数据!$A$3:$A$20,0),MATCH($B2,销售数据!$B$1:$AK$1,0)+COLUMN(C1)-1)} -> 58461
A3: 产品01 | B3: 2月 | C3: {=INDEX(销售数据!$B$3:$AK$20,MATCH($A3,销售数据!$A$3:$A$20,0),MATCH($B3,销售数据!$B$1:$AK$1,0)+COLUMN(A2)-1)} -> 26 | D3: {=INDEX(销售数据!$B$3:$AK$20,MATCH($A3,销售数据!$A$3:$A$20,0),MATCH($B3,销售数据!$B$1:$AK$1,0)+COLUMN(B2)-1)} -> 1464 | E3: {=INDEX(销售数据!$B$3:$AK$20,MATCH($A3,销售数据!$A$3:$A$20,0),MATCH($B3,销售数据!$B$1:$AK$1,0)+COLUMN(C2)-1)} -> 38064
A4: 产品01 | B4: 3月 | C4: {=INDEX(销售数据!$B$3:$AK$20,MATCH($A4,销售数据!$A$3:$A$20,0),MATCH($B4,销售数据!$B$1:$AK$1,0)+COLUMN(A3)-1)} -> 26 | D4: {=INDEX(销售数据!$B$3:$AK$20,MATCH($A4,销售数据!$A$3:$A$20,0),MATCH($B4,销售数据!$B$1:$AK$1,0)+COLUMN(B3)-1)} -> 2461 | E4: {=INDEX(销售数据!$B$3:$AK$20,MATCH($A4,销售数据!$A$3:$A$20,0),MATCH($B4,销售数据!$B$1:$AK$1,0)+COLUMN(C3)-1)} -> 63986
A5: 产品01 | B5: 4月 | C5: {=INDEX(销售数据!$B$3:$AK$20,MATCH($A5,销售数据!$A$3:$A$20,0),MATCH($B5,销售数据!$B$1:$AK$1,0)+COLUMN(A4)-1)} -> 38 | D5: {=INDEX(销售数据!$B$3:$AK$20,MATCH($A5,销售数据!$A$3:$A$20,0),MATCH($B5,销售数据!$B$1:$AK$1,0)+COLUMN(B4)-1)} -> 1927 | E5: {=INDEX(销售数据!$B$3:$AK$20,MATCH($A5,销售数据!$A$3:$A$20,0),MATCH($B5,销售数据!$B$1:$AK$1,0)+COLUMN(C4)-1)} -> 73226
A6: 产品01 | B6: 5月 | C6: {=INDEX(销售数据!$B$3:$AK$20,MATCH($A6,销售数据!$A$3:$A$20,0),MATCH($B6,销售数据!$B$1:$AK$1,0)+COLUMN(A5)-1)} -> 36 | D6: {=INDEX(销售数据!$B$3:$AK$20,MATCH($A6,销售数据!$A$3:$A$20,0),MATCH($B6,销售数据!$B$1:$AK$1,0)+COLUMN(B5)-1)} -> 1351 | E6: {=INDEX(销售数据!$B$3:$AK$20,MATCH($A6,销售数据!$A$3:$A$20,0),MATCH($B6,销售数据!$B$1:$AK$1,0)+COLUMN(C5)-1)} -> 48636
A7: 产品01 | B7: 6月 | C7: {=INDEX(销售数据!$B$3:$AK$20,MATCH($A7,销售数据!$A$3:$A$20,0),MATCH($B7,销售数据!$B$1:$AK$1,0)+COLUMN(A6)-1)} -> 25 | D7: {=INDEX(销售数据!$B$3:$AK$20,MATCH($A7,销售数据!$A$3:$A$20,0),MATCH($B7,销售数据!$B$1:$AK$1,0)+COLUMN(B6)-1)} -> 3048 | E7: {=INDEX(销售数据!$B$3:$AK$20,MATCH($A7,销售数据!$A$3:$A$20,0),MATCH($B7,销售数据!$B$1:$AK$1,0)+COLUMN(C6)-1)} -> 76200
A8: 产品01 | B8: 7月 | C8: {=INDEX(销售数据!$B$3:$AK$20,MATCH($A8,销售数据!$A$3:$A$20,0),MATCH($B8,销售数据!$B$1:$AK$1,0)+COLUMN(A7)-1)} -> 28 | D8: {=INDEX(销售数据!$B$3:$AK$20,MATCH($A8,销售数据!$A$3:$A$20,0),MATCH($B8,销售数据!$B$1:$AK$1,0)+COLUMN(B7)-1)} -> 3783 | E8: {=INDEX(销售数据!$B$3:$AK$20,MATCH($A8,销售数据!$A$3:$A$20,0),MATCH($B8,销售数据!$B$1:$AK$1,0)+COLUMN(C7)-1)} -> 105924
A9: 产品01 | B9: 8月 | C9: {=INDEX(销售数据!$B$3:$AK$20,MATCH($A9,销售数据!$A$3:$A$20,0),MATCH($B9,销售数据!$B$1:$AK$1,0)+COLUMN(A8)-1)} -> 77054.133 | D9: {=INDEX(销售数据!$B$3:$AK$20,MATCH($A9,销售数据!$A$3:$A$20,0),MATCH($B9,销售数据!$B$1:$AK$1,0)+COLUMN(B8)-1)} -> 90069.219 | E9: {=INDEX(销售数据!$B$3:$AK$20,MATCH($A9,销售数据!$A$3:$A$20,0),MATCH($B9,销售数据!$B$1:$AK$1,0)+COLUMN(C8)-1)} -> 103084.3
A10: 产品01 | B10: 9月 | C10: {=INDEX(销售数据!$B$3:$AK$20,MATCH($A10,销售数据!$A$3:$A$20,0),MATCH($B10,销售数据!$B$1:$AK$1,0)+COLUMN(A9)-1)} -> 116099.39 | D10: {=INDEX(销售数据!$B$3:$AK$20,MATCH($A10,销售数据!$A$3:$A$20,0),MATCH($B10,销售数据!$B$1:$AK$1,0)+COLUMN(B9)-1)} -> 129114.48 | E10: {=INDEX(销售数据!$B$3:$AK$20,MATCH($A10,销售数据!$A$3:$A$20,0),MATCH($B10,销售数据!$B$1:$AK$1,0)+COLUMN(C9)-1)} -> 142129.56
A11: 产品01 | B11: 10月 | C11: {=INDEX(销售数据!$B$3:$AK$20,MATCH($A11,销售数据!$A$3:$A$20,0),MATCH($B11,销售数据!$B$1:$AK$1,0)+COLUMN(A10)-1)} -> 155144.65 | D11: {=INDEX(销售数据!$B$3:$AK$20,MATCH($A11,销售数据!$A$3:$A$20,0),MATCH($B11,销售数据!$B$1:$AK$1,0)+COLUMN(B10)-1)} -> 168159.73 | E11: {=INDEX(销售数据!$B$3:$AK$20,MATCH($A11,销售数据!$A$3:$A$20,0),MATCH($B11,销售数据!$B$1:$AK$1,0)+COLUMN(C10)-1)} -> 181174.82
A12: 产品01 | B12: 11月 | C12: {=INDEX(销售数据!$B$3:$AK$20,MATCH($A12,销售数据!$A$3:$A$20,0),MATCH($B12,销售数据!$B$1:$AK$1,0)+COLUMN(A11)-1)} -> 194189.9 | D12: {=INDEX(销售数据!$B$3:$AK$20,MATCH($A12,销售数据!$A$3:$A$20,0),MATCH($B12,销售数据!$B$1:$AK$1,0)+COLUMN(B11)-1)} -> 207204.99 | E12: {=INDEX(销售数据!$B$3:$AK$20,MATCH($A12,销售数据!$A$3:$A$20,0),MATCH($B12,销售数据!$B$1:$AK$1,0)+COLUMN(C11)-1)} -> 220220.08
A13: 产品01 | B13: 12月 | C13: {=INDEX(销售数据!$B$3:$AK$20,MATCH($A13,销售数据!$A$3:$A$20,0),MATCH($B13,销售数据!$B$1:$AK$1,0)+COLUMN(A12)-1)} -> 233235.16 | D13: {=INDEX(销售数据!$B$3:$AK$20,MATCH($A13,销售数据!$A$3:$A$20,0),MATCH($B13,销售数据!$B$1:$AK$1,0)+COLUMN(B12)-1)} -> 246250.25 | E13: {=INDEX(销售数据!$B$3:$AK$20,MATCH($A13,销售数据!$A$3:$A$20,0),MATCH($B13,销售数据!$B$1:$AK$1,0)+COLUMN(C12)-1)} -> 259265.33
... A217: 产品18 | B217: 12月 | C217: {=INDEX(销售数据!$B$3:$AK$20,MATCH($A217,销售数据!$A$3:$A$20,0),MATCH($B217,销售数据!$B$1:$AK$1,0)+COLUMN(A216)-1)} -> 8287543.9 | D217: {=INDEX(销售数据!$B$3:$AK$20,MATCH($A217,销售数据!$A$3:$A$20,0),MATCH($B217,销售数据!$B$1:$AK$1,0)+COLUMN(B216)-1)} -> 8759185.3 | E217: {=INDEX(销售数据!$B$3:$AK$20,MATCH($A217,销售数据!$A$3:$A$20,0),MATCH($B217,销售数据!$B$1:$AK$1,0)+COLUMN(C216)-1)} -> 9230826.7
